Name,Availability
7th STANDARD 115 kV,"-1,010.89"
ADOBE SW STA 115 kV,58.01
AIRWAYS 115 kV,-719.03
ALAMITOS 230 kV,640.71
ALBERHILL 500 kV,674.2
ALHAMBRA 115 kV,"-2,120.78"
ALMADEN 60 kV,30.89
ALPAUGH 115 kV,-981.16
ALPINE 69 kV,"-3,550"
ALTO 60 kV,"-6,109.92"
AMES 115 kV,323.51
AMES DISTRIBUTION 115 kV,235.73
ANTELOPE 230 kV,775.51
ANTELOPE 500 kV,586.02
ANTELOPE 66 kV,799.87
APPLE HILL 115 kV,"-16,951.57"
APPLIED MATERIALS SW STA 115 kV,87.01
ARCATA 60 kV,"-5,353.22"
ARCO 230 kV,-223.71
ARCO 70 kV,-223.71
ARTESIAN RANCH 230 kV,-195.58
ARTESIAN RANCH 69 kV,-208.67
ASH 69 kV,-215.88
ASHLAN AVE 230 kV,-325.22
ATASCADERO 70 kV,-329.76
ATLANTIC 115 kV,"-12,559.62"
ATLANTIC 230 kV,"-13,018.23"
ATLANTIC 60 kV,"-13,018.23"
ATWATER 115 kV,-463.89
AVOCADO 69 kV,5.71
BAHIA 230 kV,"-4,230.25"
BAILEY 230 kV,-39.62
BAILEY 66 kV,-41.34
BAIR 115 kV,-367.45
BAIR 60 kV,-368.29
BAKERSFIELD 230 kV,"-1,000.30"
BARRE 230 kV,"2,694.69"
BARRETT 69 kV,"-3,865.10"
BARTON 115 kV,-727.38
BASILONE 69 kV,47.87
BATIQUITOS 138 kV,-138.83
BAY MEADOWS 115 kV,-303.34
BEATTY 138 kV,"-1,020.72"
BELDEN PH 230 kV,"-9,799.52"
BELL 115 kV,"-14,258.24"
BELLEVUE 115 kV,"-5,033.09"
BELLOTA 115 kV,235.3
BELLOTA 230 kV,888.61
BELMONT 115 kV,-341.54
BENTON 60 kV,"-5,341.21"
BERNARDO 69 kV,-210.29
BIG CREEK 1 230 kV,-50.44
BIG CREEK 2 230 kV,-50.44
BIG CREEK 3 230 kV,-50.44
BIG CREEK 4 230 kV,-50.44
BIG CREEK 8 230 kV,-50.44
BIOLA 70 kV,-387.73
BIRDS LANDING SW STA 230 kV,"-4,603.46"
BLYTHE 161 kV,92.43
BOGUE 115 kV,"-6,772.98"
BOLINAS 60 kV,"-6,109.92"
BORDEN 230 kV,-338.17
BORDEN 70 kV,-338.17
BORDER 69 kV,"-1,814.39"
BORREGO 69 kV,-252.47
BOULEVARD EAST 138 kV,"-2,839.73"
BOULEVARD EAST 69 kV,"-2,839.73"
BRENTWOOD 230 kV,"-15,513.44"
BRIDGEVILLE 115 kV,"-5,353.28"
BRIDGEVILLE 60 kV,"-5,353.28"
BRIGHTON 115 kV,-89.47
BRIGHTON 230 kV,-92.23
BRITTON 115 kV,79.39
BUCKS CREEK PH 230 kV,"-9,799.52"
BULLARD 115 kV,-319.26
BURLINGAME 115 kV,-308.42
BUTTE 115 kV,"-3,677.64"
BUTTE 60 kV,"-3,677.64"
CABRILLO 69 kV,-273.77
CALIENTE SW STA 230 kV,-845.02
CALIFORNIA AVE 115 kV,-689.57
CALIFORNIA FLATS SW STA 230 kV,-249.9
CALLENDER SW STA 115 kV,-357.53
CAMERON 69 kV,"-3,865.10"
CAMP EVERS 115 kV,53.25
CANNON 138 kV,-132.22
CAPISTRANO 138 kV,494.03
CARBERRY SW STA 230 kV,"-4,512.22"
CARBONA 60 kV,78.58
CARIBOU 1 60 kV,"-3,915.61"
CARIBOU PH 2 115 kV,"-3,870.38"
CARIBOU PH 2 230 kV,"-3,747.84"
CARLTON HILLS 138 kV,-247.76
CARQUINEZ 115 kV,"-6,109.92"
CASALOMA 115 kV,"-1,014.72"
CASALOMA 230 kV,"-1,014.72"
CASCADE 115 kV,"-5,349.78"
CASCADE 60 kV,"-5,348.92"
CASTRO VALLEY 230 kV,"-3,538.92"
CAYETANO 230 kV,"-10,345.48"
CAYUCOS 70 kV,-338.68
CENTER 230 kV,"1,076.11"
CHARCA 115 kV,-981.16
CHARLESTON 138 kV,"-1,021.43"
CHEROKEE 60 kV,46.77
CHEVMAIN 230 kV,832.75
CHICARITA 138 kV,-191.08
CHICO A 60 kV,"-3,677.64"
CHINO 230 kV,"3,000"
CHOLLAS WEST 69 kV,"-1,342.27"
CHOWCHILLA 115 kV,-422.19
CHRISTIE 115 kV,"-2,994.27"
CHRISTIE 60 kV,"-2,994.27"
CLAIREMONT 69 kV,-245.01
CLAREMONT K 115 kV,"-2,667.93"
CLAY 60 kV,36.42
CLAYTON 115 kV,"-2,488.92"
CLOVERDALE 115 kV,"-4,015.67"
CLOVIS 115 kV,-720.87
COBURN 230 kV,-101.12
COBURN 60 kV,-101.12
COLEMAN PH 60 kV,"-5,337.85"
COLGATE PH 230 kV,"-5,989.34"
COLLINSVILLE 230 kV,-206.39
COLLINSVILLE 500 kV,-570.65
COLORADO RIVER 230 kV,-570.66
COLORADO RIVER 500 kV,452.16
CONTRA COSTA 115 kV,"-7,853.62"
CONTRA COSTA 230 kV,"-7,853.62"
CONTRA COSTA PP SW STA 230 kV,"-9,092.72"
CONTROL 115 kV,-43.01
CONTROL 55 kV,-43.01
COOLEY LANDING 115 kV,-395.22
COOLEY LANDING 60 kV,225.51
COOLWATER 115 kV,-592.58
COOLWATER 230 kV,-41.55
COPPERMINE 70 kV,-338.17
COPUS 70 kV,-992.95
CORCORAN 115 kV,-626.69
CORCORAN 70 kV,-626.69
CORONA 115 kV,"-5,048.03"
CORONADO 69 kV,"-1,400.25"
CORTINA 115 kV,"-3,351.26"
CORTINA 230 kV,"-3,311.38"
COTATI 60 kV,"-5,014.26"
COTTLE 230 kV,"-1,493.03"
COTTONWOOD 230 kV,"-5,325.88"
COTTONWOOD 60 kV,"-5,336.92"
COUNTRY CLUB 60 kV,196.49
COYOTE SW STA 230 kV,315.99
CRAZY HORSE CANYON SW STA 115 kV,40.17
CREELMAN 69 kV,-244.27
CRESCENT SW STA 70 kV,-602.87
CRESSEY 115 kV,-463.89
CRESTA PH 230 kV,"-9,799.52"
CRESTWOOD 69 kV,"-3,865.10"
CROW CREEK SW STA 60 kV,14.15
CROWS LANDING 60 kV,27.87
CURTIS 115 kV,35.36
DAIRYLAND 115 kV,-509.59
DAVIS 115 kV,-76.84
DEL AMO 230 kV,"2,704.27"
DEL MAR 69 kV,-195.36
DEL MONTE 60 kV,208.87
DELEVAN 230 kV,"-3,795.59"
DESCANSO 69 kV,"-3,865.10"
DESCHUTES 60 kV,"-5,344.12"
DESERT VIEW 230 kV,"-1,077.18"
DEVERS 230 kV,202.87
DEVERS 500 kV,276.27
DIABLO CANYON 230 kV,-350.04
DIABLO CANYON 500 kV,392.74
DINUBA 70 kV,-689.05
DIVIDE 115 kV,-353.93
DIVIDE 70 kV,-353.93
DIVISION 69 kV,"-1,132.20"
DIXON 60 kV,"-4,032.18"
DIXON LANDING 115 kV,292.42
DOLAN RD 115 kV,92
DRUM 1 PH 115 kV,"-10,472.33"
DUMBARTON 115 kV,-222.3
EAGLE MOUNTAIN 230 kV,72.21
EAGLE ROCK 115 kV,"-4,040.08"
EAGLE ROCK 230 kV,"1,016.58"
EAGLE ROCK 60 kV,"-4,030.10"
EAST COUNTY 138 kV,"-2,839.73"
EAST COUNTY 230 kV,"-2,839.73"
EAST COUNTY 500 kV,"-2,839.73"
EAST GRAND 115 kV,-319.22
EAST MARYSVILLE 115 kV,"-6,085.42"
EAST NICOLAUS 115 kV,"-8,375.80"
EAST NICOLAUS 60 kV,"-8,375.80"
EASTGATE 69 kV,-205.32
EASTSHORE 115 kV,-179.92
EASTSHORE 230 kV,-176.65
EDENVALE 115 kV,84.74
EDES 115 kV,"-3,166.67"
EGBERT 230 kV,-354.75
EIGHT MILE 230 kV,186.63
EL CAJON 69 kV,-272.59
EL CAPITAN 115 kV,-463.89
EL CASCO 230 kV,112.99
EL CERRITO G 115 kV,"-2,929.71"
EL DORADO PH 115 kV,"-16,951.57"
EL NIDO 230 kV,"1,318.13"
EL PATIO 115 kV,27.69
EL SEGUNDO 230 kV,802.37
ELDORADO 230 kV,"-1,393.45"
ELDORADO 500 kV,-988.54
ELECTRA PH 230 kV,111.52
ELLIOTT 69 kV,-263.03
ELLIS 230 kV,"2,303.19"
ENCINA 138 kV,-132.14
ENCINA 230 kV,-119.59
ENCINITAS 69 kV,-198.98
ESCO 69 kV,-214.38
ESCONDIDO 230 kV,-169.05
ESCONDIDO 69 kV,-214.02
ESTRELLA 230 kV,-288.35
ETIWANDA 230 kV,44.47
EUREKA E 60 kV,"-5,353.22"
EVERGREEN 115 kV,30.89
EVERGREEN 60 kV,30.89
EXCELSIOR SW STA 115 kV,-530.52
EXCHEQUER PH 70 kV,-461.81
FAIRHAVEN 60 kV,"-5,353.22"
FAMOSO 115 kV,-981.16
FELICITA 69 kV,-214.22
FELLOWS 115 kV,-983.06
FERN ROAD 500 kV,"-3,840.50"
FIGARDEN 230 kV,-325.36
FINK SW STA 230 kV,446.6
FITCH MOUNTAIN 60 kV,"-4,796.33"
FIVE POINTS SW STA 70 kV,-348.45
FMC 115 kV,46.77
FORT ORD 60 kV,55.36
FREMONT 115 kV,282.82
FRENCH CAMP 60 kV,50.17
FRIARS 138 kV,-263.31
FROGTOWN 115 kV,58.4
FULTON 115 kV,"-5,019.84"
FULTON 230 kV,"-5,152.07"
FULTON 60 kV,"-4,985.32"
GALLO 115 kV,-463.89
GAMEBIRD 138 kV,"-1,021.43"
GAMEBIRD 230 kV,"-1,020.31"
GARBERVILLE 60 kV,"-5,353.28"
GARFIELD 69 kV,-273.21
GATES 230 kV,-218.06
GATES 500 kV,698.85
GENESEE 69 kV,-194.41
GEYSERS 3 115 kV,"-4,036.96"
GEYSERVILLE 60 kV,"-4,797.31"
GLASS 70 kV,-338.17
GLENCLIFF 69 kV,"-3,865.10"
GLENN 230 kV,"-3,939.79"
GLENN 60 kV,"-3,939.79"
GLENWOOD 60 kV,"-3,695.22"
GOLD HILL 115 kV,"-16,951.57"
GOLD HILL 230 kV,"-17,488.23"
GOLETA 230 kV,-39.13
GOULD 230 kV,902.19
GRAND ISLAND 115 kV,-89.47
GRANITE 69 kV,-266.88
GRANT 115 kV,-164.2
GRANT HILL 138 kV,-280.51
GREEN VALLEY 115 kV,53.25
GREENBRAE 60 kV,"-6,109.92"
GREGG 230 kV,-324.73
GUERNSEY 70 kV,-420.29
GWF HANFORD SW STA 115 kV,-510.72
HALF MOON BAY 60 kV,57.78
HALSEY PH 60 kV,"-14,609.04"
HAMMER 60 kV,114.85
HAMMONDS 115 kV,-783.29
HARDING 60 kV,56.05
HARRIS 60 kV,"-5,353.22"
HARTLEY 60 kV,"-3,968.77"
HELM 230 kV,-602.87
HELM 70 kV,-602.87
HENRIETTA 115 kV,-435.88
HENRIETTA 230 kV,-420.29
HENRIETTA 70 kV,-420.29
HERDLYN 60 kV,44.15
HERNDON 115 kV,-319.26
HERNDON 230 kV,-325.7
HICKS 230 kV,112.43
HIGGINS 115 kV,"-13,302.12"
HIGHLANDS 115 kV,"-3,746.66"
HINSON 230 kV,"1,073.92"
HOPLAND 115 kV,"-3,990.06"
HOPLAND 60 kV,"-4,038.19"
HORSESHOE 115 kV,"-15,931.81"
HUMBOLDT 115 kV,"-5,353.22"
HUMBOLDT 60 kV,"-5,353.22"
HUMBOLDT BAY PP 60 kV,"-5,353.22"
IGNACIO 115 kV,"-6,109.92"
IGNACIO 230 kV,"-6,109.92"
IGNACIO 60 kV,"-6,109.92"
IMPERIAL BEACH 69 kV,"-1,611.28"
IMPERIAL VALLEY 230 kV,"-4,661.36"
IMPERIAL VALLEY 500 kV,"-4,959.19"
INNOVATION 138 kV,"-1,020.41"
INNOVATION 230 kV,"-1,020.17"
INYOKERN 115 kV,-43.01
IVANPAH 115 kV,"-1,110.84"
IVANPAH 230 kV,"-1,053.12"
JAMACHA 69 kV,"-1,945.38"
JAMES B BLACK PH 230 kV,"-4,413.39"
JANES CREEK 60 kV,"-5,353.22"
JAPANESE MESA 69 kV,43.23
JARVIS 115 kV,-417.39
JAYNE SW STA 70 kV,-245.52
JEFFERSON 230 kV,100.64
JEFFERSON 60 kV,119.99
JESSUP 115 kV,"-5,352.40"
JOHANNA 230 kV,"1,103.54"
JULIAN HINDS 230 kV,-108.88
JULIAN HINDS 230 kV,-108.36
KASSON 115 kV,82.01
KASSON 60 kV,88.38
KEARNEY 230 kV,-387.73
KEARNEY 70 kV,-387.73
KEARNY WEST 69 kV,-262.74
KELSO 230 kV,"-2,540.76"
KENT SW STA 70 kV,-420.29
KERCKHOFF 1 PH 115 kV,-757.75
KERCKHOFF 2 PH 115 kV,-757.75
KERMAN 70 kV,-602.87
KERN OIL 115 kV,"-1,010.89"
KERN PP 115 kV,"-1,010.89"
KERN PP 230 kV,"-1,011.20"
KERN PP 70 kV,"-1,010.05"
KETTNER 69 kV,"-2,051.42"
KING CITY 60 kV,-101.12
KING CITY 60 kV,-5.55
KINGSBURG 115 kV,-626.59
KINGSBURG 70 kV,-626.8
KIRKER 115 kV,-87.26
KONOCTI 60 kV,"-4,011.11"
KRAMER 115 kV,-43.01
KRAMER 230 kV,-41.55
LA CIENEGA 230 kV,"1,119.52"
LA FRESA 230 kV,"2,350"
LA JOLLA 69 kV,-229.61
LAGUNA BELL 230 kV,"2,578.20"
LAGUNA NIGEL 138 kV,236.79
LAKE HODGES MTR 69 kV,-209.5
LAKEVIEW 70 kV,"-1,024.40"
LAKEVILLE 115 kV,"-5,057.31"
LAKEVILLE 230 kV,"-5,062.54"
LAKEVILLE 60 kV,"-5,059.54"
LAKEWOOD 115 kV,"-2,336.06"
LAMBIE SW STA 230 kV,"-3,403.63"
LAMMERS 115 kV,51.72
LAMONT 115 kV,"-1,014.72"
LAS AGUILAS SW STA 230 kV,"-1,077.06"
LAS GALLINAS A 115 kV,"-6,109.92"
LAS POSITAS 230 kV,"-3,152.57"
LAS POSITAS 60 kV,"-5,952.69"
LAS PULGAS 69 kV,48.42
LATHROP 138 kV,"-1,020.72"
LAURELES 60 kV,38.77
LAWRENCE 115 kV,112.07
LAYTONVILLE 60 kV,"-3,891.69"
LE GRAND 115 kV,-461.2
LEMOORE 70 kV,-420.29
LERDO 115 kV,"-1,010.89"
LEWIS 230 kV,"2,097.56"
LIGHTHIPE 230 kV,"2,367.97"
LILAC 69 kV,-308.57
LINCOLN 115 kV,"-10,657.16"
LIVERMORE 60 kV,"-2,279.84"
LIVINGSTON 115 kV,-463.88
LLAGAS 115 kV,-38.26
LOCKEFORD 115 kV,168.63
LOCKEFORD 230 kV,422.11
LOCKEFORD 60 kV,329.86
LOCKHEED 1 115 kV,123.29
LODI 60 kV,184.97
LOGAN CREEK 230 kV,"-4,281.32"
LONE TREE 230 kV,"-10,549.05"
LOS BANOS 230 kV,493.75
LOS BANOS 500 kV,"2,179.84"
LOS COCHES 138 kV,-258.52
LOS COCHES 69 kV,-262.12
LOS ESTEROS 230 kV,"-6,760.66"
LOS GATOS 60 kV,40.07
LOVELAND 69 kV,"-3,865.10"
LUCERNE 115 kV,"-3,648.74"
LUGO 230 kV,262.04
LUGO 500 kV,600
MADERA 70 kV,-338.17
MADISON 115 kV,"-3,890.34"
MAGUNDEN 115 kV,"-1,010.89"
MAGUNDEN 230 kV,-50.44
MALAGA 115 kV,-688.69
MANCHESTER 115 kV,-739.24
MANNING 230 kV,"-1,482.52"
MANNING 500 kV,"2,286.74"
MANTECA 115 kV,-228.12
MAPLE CREEK 60 kV,"-5,353.16"
MARGARITA 138 kV,248.08
MARTINEZ PP 115 kV,"-2,178.05"
MARYSVILLE 60 kV,"-6,020.46"
MCCALL 115 kV,-677.07
MCCALL 230 kV,-675.02
MCKEE 115 kV,288.34
MEADOW LANE 115 kV,"-2,391.49"
MELONES SW STA 115 kV,73.28
MELROSE 69 kV,187.14
MENDOCINO 115 kV,"-3,878.24"
MENDOCINO 60 kV,"-3,887.34"
MENDOTA 115 kV,-694.9
MENLO 60 kV,"-3,695.22"
MERCED 115 kV,-463.86
MERCY SPRINGS SW STA 70 kV,"-1,363.95"
MERIDIAN 60 kV,"-3,825.78"
MESA 115 kV,-353.84
MESA 230 kV,-352.54
MESA 230 kV,"2,878.10"
MESA HEIGHTS 69 kV,-267.99
MESA RIM 69 kV,-200.3
METCALF 115 kV,84.74
METCALF 230 kV,"1,668.59"
METCALF 500 kV,"1,667.83"
MIDSUN SW STA 115 kV,-982.6
MIDWAY 115 kV,-981.16
MIDWAY 230 kV,"-1,040.81"
MIDWAY 500 kV,"4,000"
MIGUEL 230 kV,"-1,439.05"
MIGUEL 500 kV,"-1,623.86"
MIGUEL 69 kV,"-2,091.22"
MILLBRAE 115 kV,-312.46
MILPITAS 115 kV,441.13
MIRA LOMA 230 kV,"3,000"
MIRA LOMA 500 kV,"3,000"
MIRA SORRENTO 69 kV,-194.41
MIRAGE 230 kV,-663.19
MIRAMAR 69 kV,-203.99
MIRAMAR GT 69 kV,-204.12
MISSION 138 kV,-276.63
MISSION 230 kV,-324.12
MISSION 69 kV,-275.28
MI-WUK 115 kV,2.08
MOHAVE 500 kV,"-1,277.78"
MONSERATE 69 kV,5.71
MONTA VISTA 115 kV,40.07
MONTA VISTA 230 kV,71.4
MONTA VISTA 60 kV,40.07
MONTAGUE 115 kV,47.46
MONTGOMERY 69 kV,"-2,034.47"
MOORPARK 230 kV,-35.17
MORAGA 115 kV,"-2,437.33"
MORAGA 230 kV,"-13,667.90"
MORGAN HILL 115 kV,-24.43
MORRO BAY SW STA 115 kV,-356.17
MORRO BAY SW STA 230 kV,-349.05
MORRO HILL 69 kV,27.21
MOSHER 60 kV,131.23
MOSS LANDING PP 115 kV,208.87
MOSS LANDING PP 230 kV,913.28
MOSS LANDING PP 500 kV,549.43
MOUNTAIN PASS 115 kV,"-1,199.16"
MOUNTAIN VIEW 115 kV,156.31
MT EDEN 115 kV,-179.92
MURRAY 69 kV,-273.87
MUSTANG SW STA 230 kV,-411.45
NAPA 60 kV,"-3,361.52"
NARROWS 69 kV,-252.47
NATIONAL CITY 69 kV,"-1,103.50"
NAVAL STATION MTR 69 kV,"-1,110.20"
NEENACH 66 kV,98.53
NEWARK 115 kV,-417.39
NEWARK 60 kV,"-3,200.30"
NEWARK DIST 230 kV,-417.26
NORD 115 kV,"-3,677.64"
NORTECH 115 kV,"-4,092.71"
NORTH CITY WEST 69 kV,-194.87
NORTH DUBLIN 230 kV,"-6,117.62"
NORTH ISLAND MTR 69 kV,"-1,400.25"
NORTH TOWER 115 kV,"-3,741.53"
NOTRE DAME 115 kV,"-3,677.64"
OAKLAND C (OAKLAND PP) 115 kV,"-2,546.82"
OAKLAND D 115 kV,"-2,637"
OAKLAND J 115 kV,"-2,956.57"
OAKLAND L 115 kV,"-2,574.87"
OAKLAND X 115 kV,"-2,496.92"
OCEAN RANCH 69 kV,37.19
OCEANO 115 kV,-358.87
OCEANSIDE 69 kV,91.78
OCOTILLO 500 kV,"-2,302.65"
OLD RIVER 70 kV,"-1,005.71"
OLD TOWN 230 kV,-279.3
OLD TOWN 69 kV,-273.77
OLEUM PP 115 kV,"-3,100.25"
OLINDA 230 kV,"1,415.38"
OLIVE SWITCHING STATION 115 kV,-981.16
OLIVENHAIN 69 kV,-211.46
OREGON TRAIL 60 kV,"-5,346.34"
ORLAND B 60 kV,"-3,939.79"
ORO LOMA 115 kV,-760.82
ORO LOMA 70 kV,-845.32
OROSI 70 kV,-689.05
OTAY 69 kV,"-1,620.48"
OTAY LAKES 69 kV,"-1,762.89"
OTAY MESA 230 kV,"-1,477.74"
PACIFIC BEACH 69 kV,-255.76
PACIFICA 60 kV,-318.7
PADRE FLAT SW STA 230 kV,-114.76
PADUA 230 kV,"1,377.64"
PAHRUMP 138 kV,"-1,021.15"
PAHRUMP 230 kV,"-1,020.33"
PALA 69 kV,-702.76
PALERMO 115 kV,"-4,930.02"
PALERMO 230 kV,"-4,923.04"
PALO ALTO SW STA 115 kV,-396.32
PALOMAR AIRPORT 138 kV,-135.42
PALOMAR ENERGY 230 kV,-168.25
PANAMA 70 kV,"-1,008.02"
PANOCHE 115 kV,-792.56
PANOCHE 230 kV,-889.16
PARADISE 115 kV,"-3,677.64"
PARADISE 69 kV,"-3,806.51"
PARDEE 230 kV,-33.91
PARKWAY 230 kV,"-3,777.96"
PASO ROBLES 70 kV,-304.26
PASTORIA 230 kV,-41.92
PAUL SWEET 115 kV,53.25
PEABODY 230 kV,"-2,709.10"
PEACHTON 60 kV,"-4,656.13"
PEASE 115 kV,"-5,921.68"
PEASE 60 kV,"-5,848.47"
PENASQUITOS 138 kV,-183.8
PENASQUITOS 230 kV,-181.1
PENASQUITOS 69 kV,-194.41
PENDLETON 69 kV,5.71
PETALUMA A 60 kV,"-5,031.69"
PICO 138 kV,418.96
PIERCY 115 kV,111.53
PINEDALE 115 kV,-319.26
PISGAH 230 kV,-91.04
PIT 1 230 kV,"-4,791.48"
PIT 1 60 kV,"-4,791.48"
PIT 3 PH 230 kV,"-4,599.37"
PITTSBURG PP 115 kV,-87.26
PITTSBURG PP 230 kV,-85.44
PLACER 115 kV,"-14,609.04"
PLACER 60 kV,"-14,609.04"
PLAINFIELD 60 kV,"-3,873.46"
PLEASANT GROVE 115 kV,"-12,004.95"
POINT LOMA 69 kV,-273.77
POLE LINE 230 kV,"-1,525.65"
POMERADO 69 kV,-220.94
POWAY 69 kV,-216.77
PRIMM 230 kV,"-1,028.03"
PROCTOR VALLEY 138 kV,"-2,361"
PRUNEDALE 115 kV,64.29
PUEBLO 115 kV,"-5,043.01"
PUTAH CREEK 115 kV,"-3,999.19"
QUINTO SW STA 230 kV,493.77
RADUM 60 kV,"-2,519.29"
RANCHO CARMEL 69 kV,-212.37
RANCHO MISSION VIEJO 138 kV,290.75
RANCHO SANTA FE 69 kV,-205.79
RANCHO VISTA 230 kV,"2,792.06"
RANCHO VISTA 500 kV,"3,000"
RAVENSWOOD 115 kV,-397.09
RAVENSWOOD 230 kV,-367.9
RECTOR 230 kV,-50.44
RED BLUFF 230 kV,-747.1
RED BLUFF 500 kV,358.4
RED BLUFF 60 kV,"-5,337.36"
REDBUD 115 kV,"-3,973.75"
REDONDO 230 kV,"1,399.32"
REEDLEY 115 kV,-689.05
REEDLEY 70 kV,-689.05
RICHMOND R 115 kV,"-2,857.86"
RINCON 69 kV,-259.51
RIO HONDO 230 kV,"1,422.43"
RIO OSO 115 kV,"-9,221.88"
RIO OSO 230 kV,"-9,799.52"
RIPON 115 kV,35.84
RIVERBANK 115 kV,113.44
ROADWAY 115 kV,194.48
ROB ROY 115 kV,53.25
ROCK CREEK PH 230 kV,"-9,799.52"
ROSE CANYON 69 kV,-229.61
ROSSMOOR 230 kV,"-12,355.68"
ROUND MTN 230 kV,"-4,413.39"
ROUND MTN 500 kV,"-3,912.27"
SALADO 115 kV,85.89
SALADO 60 kV,85.89
SALINAS 115 kV,195.91
SALINAS 60 kV,149.27
SALT CREEK 69 kV,"-1,954.87"
SAMPSON 69 kV,"-1,185.46"
SAN BENITO 115 kV,40.17
SAN BERNARDINO 230 kV,93.82
SAN FRAN A (POTRERO PP) 115 kV,-329.72
SAN FRAN A (POTRERO PP) 230 kV,-348.85
SAN FRAN AIRPORT 115 kV,"-3,713.07"
SAN FRAN H (MARTIN) 115 kV,-327.66
SAN FRAN H (MARTIN) 230 kV,-347.65
SAN FRAN P (HUNTERS POINT) 115 kV,-328.59
SAN FRAN W (BAYSHORE) 115 kV,-329.05
SAN FRAN X (MISSION) 115 kV,-329.11
SAN FRAN Y (LARKIN) 115 kV,-329.69
SAN FRAN Z (EMBARCADERO) 230 kV,-350.16
SAN JOSE A 115 kV,23.69
SAN JOSE B 115 kV,21.94
SAN LEANDRO U 115 kV,"-2,729.56"
SAN LUIS OBISPO 115 kV,-365.48
SAN LUIS OBISPO 70 kV,-357.54
SAN LUIS REY 230 kV,679.03
SAN LUIS REY 69 kV,704.36
SAN MARCOS 69 kV,-313.9
SAN MATEO 115 kV,-303.34
SAN MATEO 138 kV,166.11
SAN MATEO 230 kV,-269.77
SAN ONOFRE 230 kV,"3,000"
SAN PABLO 115 kV,"-2,857.86"
SAN RAFAEL 115 kV,"-6,109.92"
SAN RAMON 230 kV,"-2,868.26"
SAN YSIDRO 69 kV,"-1,638.63"
SANDLOT 230 kV,-41.55
SANDY 138 kV,"-1,023.68"
SANGER 115 kV,-699.04
SANTA CLARA 230 kV,-39.13
SANTA MARIA 115 kV,-355.2
SANTA NELLA 70 kV,-107.85
SANTA ROSA A 115 kV,"-5,025.14"
SANTA TERESA 115 kV,84.74
SANTA YSABEL 69 kV,-248.65
SANTEE 138 kV,-239.96
SANTIAGO 230 kV,"2,254.39"
SARATOGA 230 kV,85.3
SCHINDLER 115 kV,-499.28
SCHINDLER 70 kV,-363.69
SCHULTE SW STA 115 kV,50.09
SCRIPPS 69 kV,-208.63
SEMITROPIC 115 kV,-981.16
SERRAMONTE 115 kV,-327.66
SERRANO 230 kV,"3,000"
SERRANO 500 kV,"3,000"
SHADOWRIDGE 138 kV,-142.93
SHAFTER 115 kV,-981.16
SHEPHERD 115 kV,-749.93
SILVERADO 115 kV,"-4,669.39"
SILVERGATE 230 kV,-469.29
SILVERGATE 69 kV,"-1,187.66"
SISQUOC 115 kV,-354.59
SLOAN CANYON 230 kV,"-1,020.15"
SMARTVILLE SW STA 60 kV,"-5,989.72"
SMYRNA 115 kV,-981.16
SNEATH LANE 60 kV,-318.7
SOBRANTE 115 kV,"-2,857.86"
SOBRANTE 230 kV,"-2,223.81"
SOLAR SW STA 230 kV,-697.98
SOLEDAD 115 kV,48.82
SOLEDAD 60 kV,48.82
SONOMA A 115 kV,"-5,054.89"
SOUTH BAY 138 kV,-672.59
SOUTH BAY 69 kV,"-1,605.89"
SPAULDING 1 PH 60 kV,"-10,176.50"
SPENCE 60 kV,132.52
SPRING VALLEY 69 kV,"-1,558.78"
SPRINGVILLE 230 kV,-50.44
STAFFORD 60 kV,"-6,109.92"
STAGG 230 kV,540.09
STANISLAUS PH 115 kV,39.75
STATION ,"-1,507.20"
STATION ,-275.28
STELLING 115 kV,40.07
STOCKDALE 115 kV,"-1,010.89"
STOCKDALE 230 kV,"-1,013.01"
STOCKTON A 115 kV,122.92
STOCKTON A 60 kV,97.38
STONE 115 kV,30.89
STREAMVIEW 69 kV,"-1,287.90"
STUART 69 kV,12.99
SUISUN 115 kV,"-3,063.81"
SUNCREST 230 kV,"-3,434.80"
SUNCREST 500 kV,"-3,117.88"
SUNNYSIDE 69 kV,"-3,203.29"
SUTTER HOME SWITCHING STATION 60 kV,34.9
SWEETWATER 69 kV,"-1,091.42"
SWIFT 115 kV,259.8
SYCAMORE CANYON 138 kV,-220.95
SYCAMORE CANYON 230 kV,"-2,499.94"
SYCAMORE CANYON 69 kV,-222.3
SYCAMORE CREEK 115 kV,"-3,677.64"
TABLE MOUNTAIN 115 kV,"-3,677.64"
TABLE MOUNTAIN 230 kV,"-3,679.94"
TABLE MOUNTAIN 500 kV,"-3,339.34"
TABLE MOUNTAIN 60 kV,"-3,936.70"
TAFT 115 kV,-983.72
TALEGA 138 kV,495.25
TALEGA 230 kV,486.39
TASSAJARA 230 kV,-119.59
TEJON 70 kV,"-1,024.40"
TELEGRAPH CANYON 138 kV,"-2,862.16"
TEMBLOR 115 kV,-752.45
TEMPLETON 230 kV,-306.64
TEMPLETON 70 kV,-310.36
TESLA 115 kV,270.83
TESLA 230 kV,"1,337.51"
TESLA 500 kV,"1,986.15"
TESORO 230 kV,"-2,086.83"
TEVIS 115 kV,"-1,010.89"
THOUSANDAIRE 138 kV,"-1,021.43"
TIDEWATER 230 kV,"-2,473.23"
TIGER CREEK PH 230 kV,67.69
TIVY VALLEY 70 kV,-689.05
TORREY PINES 69 kV,-194.41
TORTILLA 115 kV,-712.72
TRABUCO 138 kV,199.04
TRACY 115 kV,122.71
TRANQUILLITY SW STA 230 kV,"-1,120.24"
TRIMBLE 115 kV,58.28
TRINITY 115 kV,"-5,353.15"
TRINITY 60 kV,"-5,352.90"
TROUT CANYON 230 kV,"-1,011.76"
TULUCAY 230 kV,"-3,361.52"
TULUCAY 60 kV,"-3,361.52"
TUPMAN 115 kV,-981.16
UCM 69 kV,-194.41
UKIAH 115 kV,"-3,920.60"
UNIONPGAE 70 kV,-291.3
URBAN 69 kV,"-1,322.39"
VACA DIXON 115 kV,"-3,063.81"
VACA DIXON 230 kV,"-3,063.81"
VACA DIXON 500 kV,"-1,934.96"
VACA DIXON 60 kV,"-3,063.81"
VACAVILLE 115 kV,"-3,063.81"
VALLECITOS 60 kV,"-2,931.35"
VALLEY (SCE) 500 kV,183.84
VALLEY (VEA) 138 kV,"-1,020.53"
VALLEY CENTER 69 kV,-238.03
VALLEY HOME 115 kV,54.42
VALLEY SPRINGS 230 kV,67.69
VALLEY SPRINGS 60 kV,67.69
VALLEY SWITCH 138 kV,"-1,020.81"
VASONA 230 kV,97.28
VESTAL 230 kV,-50.44
VICTOR 115 kV,263.27
VICTOR 230 kV,263.27
VIERRA 115 kV,29.31
VILLA PARK 230 kV,"2,985.70"
VINCENT 230 kV,"3,280.08"
VINCENT 230 kV,"2,662.19"
VINCENT 500 kV,"3,787.48"
VINE 69 kV,"-2,639.57"
VINEYARD 230 kV,"-2,845.67"
VISTA 138 kV,"-1,021.06"
VISTA 230 kV,114.66
WABASH CANYON 69 kV,"-1,223.98"
WAHTOKE 115 kV,-684.97
WALNUT 230 kV,506.13
WARNERS 69 kV,-252.47
WAUKENA SW STA 115 kV,-626.68
WEBER 230 kV,452.23
WEBER 60 kV,34.73
WEIMAR 60 kV,"-10,370.52"
WEST FRESNO 115 kV,-686.95
WEST SACRAMENTO 115 kV,-79.54
WESTPARK 115 kV,"-1,010.89"
WHEELER RIDGE 115 kV,"-1,024.40"
WHEELER RIDGE 230 kV,"-1,024.40"
WHEELER RIDGE 70 kV,"-1,024.40"
WHIRLWIND 230 kV,532.44
WHIRLWIND 500 kV,"1,092.55"
WHISMAN 115 kV,84.68
WILLITS A 60 kV,"-3,891.69"
WILSON 115 kV,-463.9
WILSON 230 kV,-457.62
WINDHUB 230 kV,-8.41
WINDHUB 230 kV,81.35
WINDHUB 500 kV,218.65
WINDSOR 60 kV,"-4,856.10"
WITCO SW STA 115 kV,"-1,010.89"
WOLFE 115 kV,40.07
WOODLAND 115 kV,-70.33
WOODWARD 115 kV,-755.95
WYANDOTTE 115 kV,"-4,930.02"
